Statement,Header,Field Name,Field Value,,,,,,,,,,,,,,
Statement,Data,BrokerName,Interactive Brokers LLC,,,,,,,,,,,,,,
Statement,Data,BrokerAddress,"Two Pickwick Plaza, Greenwich, CT 06830",,,,,,,,,,,,,,
Statement,Data,Title,Activity Statement,,,,,,,,,,,,,,
Statement,Data,Period,"January 1, 2024 - February 23, 2024",,,,,,,,,,,,,,
Statement,Data,WhenGenerated,"2024-02-24, 02:35:28 EST",,,,,,,,,,,,,,
Open Positions,Header,DataDiscriminator,Asset Category,Currency,Symbol,Open,Quantity,Mult,Cost Price,Cost Basis,Close Price,Value,Unrealized P/L,Code,,,
Open Positions,Data,Summary,Stocks,USD,CHTR,-,100,1,302.5005164,30250.05164,299.42,29942,-308.05164,,,,
Open Positions,Data,Lot,Stocks,USD,CHTR,"2024-02-21, 20:20:00",100,,302.5005164,30250.05164,299.42,29942,-308.05164,ST,,,
Open Positions,Data,Summary,Stocks,USD,GD,-,-100,1,259.3972624,-25939.72624,273.75,-27375,-1435.27376,,,,
Open Positions,Data,Lot,Stocks,USD,GD,"2024-01-26, 20:20:00",-100,,259.3972624,-25939.72624,273.75,-27375,-1435.27376,ST,,,
Open Positions,Data,Summary,Stocks,USD,HUM,-,100,1,388.1005116,38810.05116,362.91,36291,-2519.05116,,,,
Open Positions,Data,Lot,Stocks,USD,HUM,"2024-01-26, 20:20:00",100,,388.1005116,38810.05116,362.91,36291,-2519.05116,ST,,,
Open Positions,Data,Summary,Stocks,USD,IEFA,-,400,1,66.120690545,26448.276218,71.93,28772,2323.723782,,,,
Open Positions,Data,Lot,Stocks,USD,IEFA,"2022-05-20, 20:20:00",200,,65.59843574,13119.687148,71.93,14386,1266.312852,LT,,,
Open Positions,Data,Lot,Stocks,USD,IEFA,"2022-05-18, 10:02:16",65,,63.735588569,4142.813257,71.93,4675.45,532.636743,LT,,,
Open Positions,Data,Lot,Stocks,USD,IEFA,"2022-04-22, 10:46:26",15,,67.120650467,1006.809757,71.93,1078.95,72.140243,LT,,,
Open Positions,Data,Lot,Stocks,USD,IEFA,"2022-04-21, 11:32:43",15,,68.600650467,1029.009757,71.93,1078.95,49.940243,LT,,,
Open Positions,Data,Lot,Stocks,USD,IEFA,"2022-04-20, 10:43:51",15,,68.533550467,1028.003257,71.93,1078.95,50.946743,LT,,,
Open Positions,Data,Lot,Stocks,USD,IEFA,"2022-04-19, 10:44:25",15,,67.746550467,1016.198257,71.93,1078.95,62.751743,LT,,,
Open Positions,Data,Lot,Stocks,USD,IEFA,"2022-04-18, 09:30:00",15,,67.692550467,1015.388257,71.93,1078.95,63.561743,LT,,,
Open Positions,Data,Lot,Stocks,USD,IEFA,"2022-04-14, 09:44:46",12,,68.332388083,819.988657,71.93,863.16,43.171343,LT,,,
Open Positions,Data,Lot,Stocks,USD,IEFA,"2022-04-14, 09:44:46",3,,68.3032,204.9096,71.93,215.79,10.8804,LT,,,
Open Positions,Data,Lot,Stocks,USD,IEFA,"2022-04-13, 10:25:48",15,,67.866550467,1017.998257,71.93,1078.95,60.951743,LT,,,
Open Positions,Data,Lot,Stocks,USD,IEFA,"2022-04-12, 09:36:49",15,,68.023550467,1020.353257,71.93,1078.95,58.596743,LT,,,
Open Positions,Data,Lot,Stocks,USD,IEFA,"2022-04-11, 09:30:00",15,,68.474450467,1027.116757,71.93,1078.95,51.833243,LT,,,
Open Positions,Data,Summary,Stocks,USD,ISRG,-,100,1,248.4515212,24845.15212,389.77,38977,14131.84788,,,,
Open Positions,Data,Lot,Stocks,USD,ISRG,"2022-05-06, 20:20:00",100,,248.4515212,24845.15212,389.77,38977,14131.84788,LT,,,
Open Positions,Data,Summary,Stocks,USD,KHC,-,700,1,34.792718109,24354.902676,36.05,25235,880.097324,,,,
Open Positions,Data,Lot,Stocks,USD,KHC,"2022-09-23, 20:20:00",700,,34.792718109,24354.902676,36.05,25235,880.097324,LT,,,
Open Positions,Data,Summary,Stocks,USD,LOW,-,100,1,176.60623391,17660.623391,232.56,23256,5595.376609,,,,
Open Positions,Data,Lot,Stocks,USD,LOW,"2022-06-17, 20:20:00",100,,176.60623391,17660.623391,232.56,23256,5595.376609,LT,,,
Open Positions,Data,Summary,Stocks,USD,NVDA,-,-100,1,641.5884048,-64158.84048,788.17,-78817,-14658.15952,,,,
Open Positions,Data,Lot,Stocks,USD,NVDA,"2024-02-09, 20:20:00",-100,,641.5884048,-64158.84048,788.17,-78817,-14658.15952,ST,,,
Open Positions,Data,Summary,Stocks,USD,TTWO,-,100,1,156.560504,15656.0504,151.01,15101,-555.0504,,,,
Open Positions,Data,Lot,Stocks,USD,TTWO,"2024-02-09, 20:20:00",100,,156.560504,15656.0504,151.01,15101,-555.0504,ST,,,
Open Positions,Data,Summary,Stocks,USD,URI,-,-100,1,632.97427368,-63297.427368,658.23,-65823,-2525.572632,,,,
Open Positions,Data,Lot,Stocks,USD,URI,"2024-01-26, 20:20:00",-100,,632.97427368,-63297.427368,658.23,-65823,-2525.572632,ST,,,
Open Positions,Total,,Stocks,USD,,,,,,24629.113517,,25559,929.886483,,,,
Open Positions,Header,DataDiscriminator,Asset Category,Currency,Symbol,Open,Quantity,Mult,Cost Price,Cost Basis,Close Price,Value,Unrealized P/L,Code,,,
Open Positions,Data,Summary,Equity and Index Options,USD,AVGO 23FEB24 1110 P,-,-1,100,0.7994972,-79.94972,0,0,79.94972,,,,
Open Positions,Data,Lot,Equity and Index Options,USD,AVGO 23FEB24 1110 P,"2024-02-20, 09:30:00",-1,,0.7994972,-79.94972,0,0,79.94972,ST,,,
Open Positions,Data,Summary,Equity and Index Options,USD,BKNG 23FEB24 3355 P,-,-1,100,10.57991896,-1057.991896,0,0,1057.991896,,,,
Open Positions,Data,Lot,Equity and Index Options,USD,BKNG 23FEB24 3355 P,"2024-02-16, 14:52:39",-1,,10.57991896,-1057.991896,0,0,1057.991896,ST,,,
Open Positions,Data,Summary,Equity and Index Options,USD,CHTR 01MAR24 300 P,-,-1,100,3.8994724,-389.94724,5.0775,-507.75,-117.80276,,,,
Open Positions,Data,Lot,Equity and Index Options,USD,CHTR 01MAR24 300 P,"2024-02-02, 09:30:04",-1,,3.8994724,-389.94724,5.0775,-507.75,-117.80276,ST,,,
Open Positions,Data,Summary,Equity and Index Options,USD,CHTR 08MAR24 295 P,-,-1,100,3.7994732,-379.94732,4.9128,-491.28,-111.33268,,,,
Open Positions,Data,Lot,Equity and Index Options,USD,CHTR 08MAR24 295 P,"2024-02-02, 09:30:03",-1,,3.7994732,-379.94732,4.9128,-491.28,-111.33268,ST,,,
Open Positions,Data,Summary,Equity and Index Options,USD,CMA 08MAR24 52 C,-,-1,100,1.3309928,-133.09928,0.5,-50,83.09928,,,,
Open Positions,Data,Lot,Equity and Index Options,USD,CMA 08MAR24 52 C,"2024-02-15, 09:30:02",-1,,1.3309928,-133.09928,0.5,-50,83.09928,ST,,,
Open Positions,Data,Summary,Equity and Index Options,USD,CMA 15MAR24 52.5 C,-,-1,100,1.40999232,-140.999232,0.6428,-64.28,76.719232,,,,
Open Positions,Data,Lot,Equity and Index Options,USD,CMA 15MAR24 52.5 C,"2024-02-15, 09:30:35",-1,,1.40999232,-140.999232,0.6428,-64.28,76.719232,ST,,,
Open Positions,Data,Summary,Equity and Index Options,USD,CMA 22MAR24 54 C,-,-1,100,1.10999472,-110.999472,0.5251,-52.51,58.489472,,,,
Open Positions,Data,Lot,Equity and Index Options,USD,CMA 22MAR24 54 C,"2024-02-15, 09:31:26",-1,,1.10999472,-110.999472,0.5251,-52.51,58.489472,ST,,,
Open Positions,Data,Summary,Equity and Index Options,USD,DPZ 23FEB24 475 C,-,-1,100,1.8969884,-189.69884,0,0,189.69884,,,,
Open Positions,Data,Lot,Equity and Index Options,USD,DPZ 23FEB24 475 C,"2024-01-16, 12:26:29",-1,,1.8969884,-189.69884,0,0,189.69884,ST,,,
Open Positions,Data,Summary,Equity and Index Options,USD,DPZ 01MAR24 480 C,-,-1,100,1.8969884,-189.69884,1.6634,-166.34,23.35884,,,,
Open Positions,Data,Lot,Equity and Index Options,USD,DPZ 01MAR24 480 C,"2024-01-16, 11:01:59",-1,,1.8969884,-189.69884,1.6634,-166.34,23.35884,ST,,,
Open Positions,Data,Summary,Equity and Index Options,USD,EXPE 23FEB24 125 P,-,-1,100,0.91199624,-91.199624,0,0,91.199624,,,,
Open Positions,Data,Lot,Equity and Index Options,USD,EXPE 23FEB24 125 P,"2024-02-02, 09:32:13",-1,,0.91199624,-91.199624,0,0,91.199624,ST,,,
Open Positions,Data,Summary,Equity and Index Options,USD,FOXA 08MAR24 25 C,-,-1,100,5.3969604,-539.69604,5.2663,-526.63,13.06604,,,,
Open Positions,Data,Lot,Equity and Index Options,USD,FOXA 08MAR24 25 C,"2024-02-15, 09:35:14",-1,,5.3969604,-539.69604,5.2663,-526.63,13.06604,ST,,,
Open Positions,Data,Summary,Equity and Index Options,USD,FOXA 15MAR24 26 C,-,-1,100,4.3969684,-439.69684,4.2774,-427.74,11.95684,,,,
Open Positions,Data,Lot,Equity and Index Options,USD,FOXA 15MAR24 26 C,"2024-02-15, 09:35:11",-1,,4.3969684,-439.69684,4.2774,-427.74,11.95684,ST,,,
Open Positions,Data,Summary,Equity and Index Options,USD,FSLR 15MAR24 110 P,-,-1,100,1.28199328,-128.199328,0.585,-58.5,69.699328,,,,
Open Positions,Data,Lot,Equity and Index Options,USD,FSLR 15MAR24 110 P,"2024-02-02, 09:33:12",-1,,1.28199328,-128.199328,0.585,-58.5,69.699328,ST,,,
Open Positions,Data,Summary,Equity and Index Options,USD,GD 01MAR24 260 P,-,-1,100,0.87999656,-87.999656,0.0999,-9.99,78.009656,,,,
Open Positions,Data,Lot,Equity and Index Options,USD,GD 01MAR24 260 P,"2024-02-13, 09:54:57",-1,,0.87999656,-87.999656,0.0999,-9.99,78.009656,ST,,,
Open Positions,Data,Summary,Equity and Index Options,USD,INTU 01MAR24 510 P,-,-1,100,1.9969876,-199.69876,0.0001,-0.01,199.68876,,,,
Open Positions,Data,Lot,Equity and Index Options,USD,INTU 01MAR24 510 P,"2024-01-16, 09:41:51",-1,,1.9969876,-199.69876,0.0001,-0.01,199.68876,ST,,,
Open Positions,Data,Summary,Equity and Index Options,USD,KHC 15MAR24 35 P,-,-1,100,0.35950064,-35.950064,0.245,-24.5,11.450064,,,,
Open Positions,Data,Lot,Equity and Index Options,USD,KHC 15MAR24 35 P,"2024-01-30, 11:20:00",-1,,0.35950064,-35.950064,0.245,-24.5,11.450064,ST,,,
Open Positions,Data,Summary,Equity and Index Options,USD,NOC 01MAR24 425 P,-,-1,100,1.8969884,-189.69884,0.1483,-14.83,174.86884,,,,
Open Positions,Data,Lot,Equity and Index Options,USD,NOC 01MAR24 425 P,"2024-01-16, 10:42:11",-1,,1.8969884,-189.69884,0.1483,-14.83,174.86884,ST,,,
Open Positions,Data,Summary,Equity and Index Options,USD,NVDA 01MAR24 640 P,-,-1,100,15.694278,-1569.4278,0.4007,-40.07,1529.3578,,,,
Open Positions,Data,Lot,Equity and Index Options,USD,NVDA 01MAR24 640 P,"2024-02-13, 09:33:12",-1,,15.694278,-1569.4278,0.4007,-40.07,1529.3578,ST,,,
Open Positions,Data,Summary,Equity and Index Options,USD,TGT 08MAR24 127 P,-,-1,100,1.59949072,-159.949072,0.355,-35.5,124.449072,,,,
Open Positions,Data,Lot,Equity and Index Options,USD,TGT 08MAR24 127 P,"2024-02-02, 09:32:39",-1,,1.59949072,-159.949072,0.355,-35.5,124.449072,ST,,,
Open Positions,Data,Summary,Equity and Index Options,USD,ULTA 15MAR24 455 P,-,-1,100,6.8994484,-689.94484,1.0623,-106.23,583.71484,,,,
Open Positions,Data,Lot,Equity and Index Options,USD,ULTA 15MAR24 455 P,"2024-02-02, 09:33:46",-1,,6.8994484,-689.94484,1.0623,-106.23,583.71484,ST,,,
Open Positions,Data,Summary,Equity and Index Options,USD,URI 01MAR24 630 P,-,-1,100,11.0994148,-1109.94148,1.8235,-182.35,927.59148,,,,
Open Positions,Data,Lot,Equity and Index Options,USD,URI 01MAR24 630 P,"2024-02-13, 09:30:02",-1,,11.0994148,-1109.94148,1.8235,-182.35,927.59148,ST,,,
Open Positions,Data,Summary,Equity and Index Options,USD,ZION 01MAR24 31 P,-,-1,100,0.4994996,-49.94996,0.0001,-0.01,49.93996,,,,
Open Positions,Data,Lot,Equity and Index Options,USD,ZION 01MAR24 31 P,"2024-02-02, 09:30:08",-1,,0.4994996,-49.94996,0.0001,-0.01,49.93996,ST,,,
Open Positions,Total,,Equity and Index Options,USD,,,,,,-7963.684144,,-2758.52,5205.164144,,,,
Trades,Header,DataDiscriminator,Asset Category,Currency,Symbol,Date/Time,Exchange,Quantity,T. Price,C. Price,Proceeds,Comm/Fee,Basis,Realized P/L,MTM P/L,Code,
Trades,Data,Order,Stocks,USD,CHTR,"2024-02-21, 16:20:00",-,100,305,297,-30500,0,30500,0,-800,A,O
Trades,Data,Trade,Stocks,USD,CHTR,"2024-02-21, 16:20:00",--,100,305,297,-30500,0,30500,0,-800,A,O
Trades,SubTotal,,Stocks,USD,CHTR,,,100,,,-30500,0,30500,0,-800,,
Trades,Data,Order,Stocks,USD,GD,"2024-01-26, 16:20:00",-,-100,257.5,264.78,25750,-0.2226,-25749.7774,0,-728,A,O
Trades,Data,Trade,Stocks,USD,GD,"2024-01-26, 16:20:00",--,-100,257.5,264.78,25750,-0.2226,-25749.7774,0,-728,A,O
Trades,SubTotal,,Stocks,USD,GD,,,-100,,,25750,-0.2226,-25749.7774,0,-728,,
Trades,Data,Order,Stocks,USD,HUM,"2024-01-26, 16:20:00",-,100,390,365.94,-39000,0,39000,0,-2406,A,O
Trades,Data,Trade,Stocks,USD,HUM,"2024-01-26, 16:20:00",--,100,390,365.94,-39000,0,39000,0,-2406,A,O
Trades,SubTotal,,Stocks,USD,HUM,,,100,,,-39000,0,39000,0,-2406,,
Trades,Data,Order,Stocks,USD,NVDA,"2024-02-09, 16:20:00",-,-100,640,722.48,64000,-0.5286,-63999.4714,0,-8248,A,O
Trades,Data,Trade,Stocks,USD,NVDA,"2024-02-09, 16:20:00",--,-100,640,722.48,64000,-0.5286,-63999.4714,0,-8248,A,O
Trades,SubTotal,,Stocks,USD,NVDA,,,-100,,,64000,-0.5286,-63999.4714,0,-8248,,
Trades,Data,Order,Stocks,USD,TTWO,"2024-02-09, 16:20:00",-,100,157.5,155.27,-15750,0,15750,0,-223,A,O
Trades,Data,Trade,Stocks,USD,TTWO,"2024-02-09, 16:20:00",--,100,157.5,155.27,-15750,0,15750,0,-223,A,O
Trades,SubTotal,,Stocks,USD,TTWO,,,100,,,-15750,0,15750,0,-223,,
Trades,Data,Order,Stocks,USD,URI,"2024-01-26, 16:20:00",-,-100,630,647.73,63000,-0.5206,-62999.4794,0,-1773,A,O
Trades,Data,Trade,Stocks,USD,URI,"2024-01-26, 16:20:00",--,-100,630,647.73,63000,-0.5206,-62999.4794,0,-1773,A,O
Trades,SubTotal,,Stocks,USD,URI,,,-100,,,63000,-0.5206,-62999.4794,0,-1773,,
Trades,Total,,Stocks,USD,,,,,,,67500,-1.2718,-67498.7282,0,-14178, ,
Trades,Header,DataDiscriminator,Asset Category,Currency,Symbol,Date/Time,Exchange,Quantity,T. Price,C. Price,Proceeds,Comm/Fee,Basis,Realized P/L,MTM P/L,Code,
Trades,Data,Order,Equity and Index Options,USD,ABNB 16FEB24 124 P,"2024-02-07, 10:05:02",-,-1,0.63,0.43,63,-1.050144,-61.949856,0,20,O,
Trades,Data,Trade,Equity and Index Options,USD,ABNB 16FEB24 124 P,"2024-02-07, 10:05:02",MERCURY,-1,0.63,0.43,63,-1.050144,-61.949856,0,20,O,
Trades,Data,Order,Equity and Index Options,USD,ABNB 16FEB24 124 P,"2024-02-16, 16:20:00",-,1,0,0,0,0,61.949856,61.949856,0,C,Ep
Trades,Data,Trade,Equity and Index Options,USD,ABNB 16FEB24 124 P,"2024-02-16, 16:20:00",--,1,0,0,0,0,61.949856,61.949856,0,C,Ep
Trades,Data,ClosedLot,Equity and Index Options,USD,ABNB 16FEB24 124 P,2024-02-07,,-1,0.61949856,,,,-61.949856,61.949856,,ST,
Trades,SubTotal,,Equity and Index Options,USD,ABNB 16FEB24 124 P,,,0,,,63,-1.050144,0,61.949856,20,,
Trades,Data,Order,Equity and Index Options,USD,ALGN 02FEB24 340 C,"2024-01-24, 09:32:51",-,-1,1.9,1.3608,190,-0.05116,-189.94884,0,53.92,O,
Trades,Data,Trade,Equity and Index Options,USD,ALGN 02FEB24 340 C,"2024-01-24, 09:32:51",ISE,-1,1.9,1.3608,190,-0.05116,-189.94884,0,53.92,O,
Trades,Data,Order,Equity and Index Options,USD,ALGN 02FEB24 340 C,"2024-02-02, 16:20:00",-,1,0,0,0,0,189.94884,189.94884,0,C,Ep
Trades,Data,Trade,Equity and Index Options,USD,ALGN 02FEB24 340 C,"2024-02-02, 16:20:00",--,1,0,0,0,0,189.94884,189.94884,0,C,Ep
Trades,Data,ClosedLot,Equity and Index Options,USD,ALGN 02FEB24 340 C,2024-01-24,,-1,1.8994884,,,,-189.94884,189.94884,,ST,
Trades,SubTotal,,Equity and Index Options,USD,ALGN 02FEB24 340 C,,,0,,,190,-0.05116,0,189.94884,53.92,,
Trades,Data,Order,Equity and Index Options,USD,AMD 02FEB24 207.5 C,"2024-01-24, 12:24:17",-,-1,1.55,1.375,155,-1.04088,-153.95912,0,17.5,O,
Trades,Data,Trade,Equity and Index Options,USD,AMD 02FEB24 207.5 C,"2024-01-24, 12:24:17",EDGX,-1,1.55,1.375,155,-1.04088,-153.95912,0,17.5,O,
Trades,Data,Order,Equity and Index Options,USD,AMD 02FEB24 207.5 C,"2024-02-02, 16:20:00",-,1,0,0,0,0,153.95912,153.95912,0,C,Ep
Trades,Data,Trade,Equity and Index Options,USD,AMD 02FEB24 207.5 C,"2024-02-02, 16:20:00",--,1,0,0,0,0,153.95912,153.95912,0,C,Ep
Trades,Data,ClosedLot,Equity and Index Options,USD,AMD 02FEB24 207.5 C,2024-01-24,,-1,1.5395912,,,,-153.95912,153.95912,,ST,
Trades,SubTotal,,Equity and Index Options,USD,AMD 02FEB24 207.5 C,,,0,,,155,-1.04088,0,153.95912,17.5,,
Trades,Data,Order,Equity and Index Options,USD,AVGO 23FEB24 1110 P,"2024-02-20, 09:30:00",-,-1,0.8,0.564,80,-0.05028,-79.94972,0,23.6,O,
Trades,Data,Trade,Equity and Index Options,USD,AVGO 23FEB24 1110 P,"2024-02-20, 09:30:00",ISE,-1,0.8,0.564,80,-0.05028,-79.94972,0,23.6,O,
Trades,SubTotal,,Equity and Index Options,USD,AVGO 23FEB24 1110 P,,,-1,,,80,-0.05028,-79.94972,0,23.6,,
Trades,Data,Order,Equity and Index Options,USD,BA 02FEB24 180 P,"2024-01-16, 13:07:26",-,-1,1.5,1.395,150,-0.80084,-149.19916,0,10.5,O,
Trades,Data,Trade,Equity and Index Options,USD,BA 02FEB24 180 P,"2024-01-16, 13:07:26",PSE,-1,1.5,1.395,150,-0.80084,-149.19916,0,10.5,O,
Trades,Data,Order,Equity and Index Options,USD,BA 02FEB24 180 P,"2024-02-02, 16:20:00",-,1,0,0,0,0,149.19916,149.19916,0,C,Ep
Trades,Data,Trade,Equity and Index Options,USD,BA 02FEB24 180 P,"2024-02-02, 16:20:00",--,1,0,0,0,0,149.19916,149.19916,0,C,Ep
Trades,Data,ClosedLot,Equity and Index Options,USD,BA 02FEB24 180 P,2024-01-16,,-1,1.4919916,,,,-149.19916,149.19916,,ST,
Trades,SubTotal,,Equity and Index Options,USD,BA 02FEB24 180 P,,,0,,,150,-0.80084,0,149.19916,10.5,,
Trades,Data,Order,Equity and Index Options,USD,BKNG 23FEB24 3355 P,"2024-02-16, 14:52:39",-,-1,10.58,10.7271,1058,-0.008104,-1057.991896,0,-14.71,O,
Trades,Data,Trade,Equity and Index Options,USD,BKNG 23FEB24 3355 P,"2024-02-16, 14:52:39",BATS,-1,10.58,10.7271,1058,-0.008104,-1057.991896,0,-14.71,O,
Trades,SubTotal,,Equity and Index Options,USD,BKNG 23FEB24 3355 P,,,-1,,,1058,-0.008104,-1057.991896,0,-14.71,,
Trades,Data,Order,Equity and Index Options,USD,BKNG 01MAR24 3960 P,"2024-02-12, 09:30:07",-,-1,248.1,227.6429,24810,-0.49812,-24809.50188,0,2045.71,O,
Trades,Data,Trade,Equity and Index Options,USD,BKNG 01MAR24 3960 P,"2024-02-12, 09:30:07",PSE,-1,248.1,227.6429,24810,-0.49812,-24809.50188,0,2045.71,O,
Trades,Data,Order,Equity and Index Options,USD,BKNG 01MAR24 3960 P,"2024-02-12, 11:10:27",-,1,216.3,227.6429,-21630,0.05315,24809.50188,3179.55503,1134.29,C,
Trades,Data,Trade,Equity and Index Options,USD,BKNG 01MAR24 3960 P,"2024-02-12, 11:10:27",NASDAQBX,1,216.3,227.6429,-21630,0.05315,24809.50188,3179.55503,1134.29,C,
Trades,Data,ClosedLot,Equity and Index Options,USD,BKNG 01MAR24 3960 P,2024-02-12,,-1,248.0950188,,,,-24809.50188,3179.55503,,ST,
Trades,SubTotal,,Equity and Index Options,USD,BKNG 01MAR24 3960 P,,,0,,,3180,-0.44497,0,3179.55503,3180,,
Trades,Data,Order,Equity and Index Options,USD,BKNG 08MAR24 3910 P,"2024-02-12, 09:30:07",-,-1,216.9,201.8321,21690,-0.47316,-21689.52684,0,1506.79,O,
Trades,Data,Trade,Equity and Index Options,USD,BKNG 08MAR24 3910 P,"2024-02-12, 09:30:07",PSE,-1,216.9,201.8321,21690,-0.47316,-21689.52684,0,1506.79,O,
Trades,Data,Order,Equity and Index Options,USD,BKNG 08MAR24 3910 P,"2024-02-12, 11:10:57",-,1,189.57,201.8321,-18957,0.00315,21689.52684,2732.52999,1226.21,C,
Trades,Data,Trade,Equity and Index Options,USD,BKNG 08MAR24 3910 P,"2024-02-12, 11:10:57",BATS,1,189.57,201.8321,-18957,0.00315,21689.52684,2732.52999,1226.21,C,
Trades,Data,ClosedLot,Equity and Index Options,USD,BKNG 08MAR24 3910 P,2024-02-12,,-1,216.8952684,,,,-21689.52684,2732.52999,,ST,
Trades,SubTotal,,Equity and Index Options,USD,BKNG 08MAR24 3910 P,,,0,,,2733,-0.47001,0,2732.52999,2733,,
Trades,Data,Order,Equity and Index Options,USD,CHTR 23FEB24 305 P,"2024-02-02, 09:30:05",-,-1,2.5,3.325,250,-0.05164,-249.94836,0,-82.5,O,
Trades,Data,Trade,Equity and Index Options,USD,CHTR 23FEB24 305 P,"2024-02-02, 09:30:05",ISE,-1,2.5,3.325,250,-0.05164,-249.94836,0,-82.5,O,
Trades,Data,Order,Equity and Index Options,USD,CHTR 23FEB24 305 P,"2024-02-21, 16:20:00",-,1,0,8.427,0,0,249.94836,0,842.7,A,C
Trades,Data,Trade,Equity and Index Options,USD,CHTR 23FEB24 305 P,"2024-02-21, 16:20:00",--,1,0,8.427,0,0,249.94836,0,842.7,A,C
Trades,Data,ClosedLot,Equity and Index Options,USD,CHTR 23FEB24 305 P,2024-02-02,,-1,2.4994836,,,,-249.94836,0,,ST,
Trades,SubTotal,,Equity and Index Options,USD,CHTR 23FEB24 305 P,,,0,,,250,-0.05164,0,0,760.2,,
Trades,Data,Order,Equity and Index Options,USD,CHTR 01MAR24 300 P,"2024-02-02, 09:30:04",-,-1,3.9,3.3964,390,-0.05276,-389.94724,0,50.36,O,
Trades,Data,Trade,Equity and Index Options,USD,CHTR 01MAR24 300 P,"2024-02-02, 09:30:04",ISE,-1,3.9,3.3964,390,-0.05276,-389.94724,0,50.36,O,
Trades,SubTotal,,Equity and Index Options,USD,CHTR 01MAR24 300 P,,,-1,,,390,-0.05276,-389.94724,0,50.36,,
Trades,Data,Order,Equity and Index Options,USD,CHTR 08MAR24 295 P,"2024-02-02, 09:30:03",-,-1,3.8,3.8823,380,-0.05268,-379.94732,0,-8.23,O,
Trades,Data,Trade,Equity and Index Options,USD,CHTR 08MAR24 295 P,"2024-02-02, 09:30:03",ISE,-1,3.8,3.8823,380,-0.05268,-379.94732,0,-8.23,O,
Trades,SubTotal,,Equity and Index Options,USD,CHTR 08MAR24 295 P,,,-1,,,380,-0.05268,-379.94732,0,-8.23,,
Trades,Data,Order,Equity and Index Options,USD,CMA 08MAR24 52 C,"2024-02-15, 09:30:02",-,-1,1.35,1.6956,135,-1.90072,-133.09928,0,-34.56,O,
Trades,Data,Trade,Equity and Index Options,USD,CMA 08MAR24 52 C,"2024-02-15, 09:30:02",MEMX,-1,1.35,1.6956,135,-1.90072,-133.09928,0,-34.56,O,
Trades,SubTotal,,Equity and Index Options,USD,CMA 08MAR24 52 C,,,-1,,,135,-1.90072,-133.09928,0,-34.56,,
Trades,Data,Order,Equity and Index Options,USD,CMA 15MAR24 52.5 C,"2024-02-15, 09:30:35",-,-1,1.41,1.8251,141,-0.000768,-140.999232,0,-41.51,O,
Trades,Data,Trade,Equity and Index Options,USD,CMA 15MAR24 52.5 C,"2024-02-15, 09:30:35",BATS,-1,1.41,1.8251,141,-0.000768,-140.999232,0,-41.51,O,
Trades,SubTotal,,Equity and Index Options,USD,CMA 15MAR24 52.5 C,,,-1,,,141,-0.000768,-140.999232,0,-41.51,,
Trades,Data,Order,Equity and Index Options,USD,CMA 22MAR24 54 C,"2024-02-15, 09:31:26",-,-1,1.11,1.3452,111,-0.000528,-110.999472,0,-23.52,O,
Trades,Data,Trade,Equity and Index Options,USD,CMA 22MAR24 54 C,"2024-02-15, 09:31:26",BATS,-1,1.11,1.3452,111,-0.000528,-110.999472,0,-23.52,O,
Trades,SubTotal,,Equity and Index Options,USD,CMA 22MAR24 54 C,,,-1,,,111,-0.000528,-110.999472,0,-23.52,,
Trades,Data,Order,Equity and Index Options,USD,DPZ 23FEB24 475 C,"2024-01-16, 12:26:29",-,-1,1.9,2.2523,190,-0.30116,-189.69884,0,-35.23,O,
Trades,Data,Trade,Equity and Index Options,USD,DPZ 23FEB24 475 C,"2024-01-16, 12:26:29",PSE,-1,1.9,2.2523,190,-0.30116,-189.69884,0,-35.23,O,
Trades,SubTotal,,Equity and Index Options,USD,DPZ 23FEB24 475 C,,,-1,,,190,-0.30116,-189.69884,0,-35.23,,
Trades,Data,Order,Equity and Index Options,USD,DPZ 01MAR24 480 C,"2024-01-16, 11:01:59",-,-1,1.9,2.967,190,-0.30116,-189.69884,0,-106.7,O,
Trades,Data,Trade,Equity and Index Options,USD,DPZ 01MAR24 480 C,"2024-01-16, 11:01:59",PSE,-1,1.9,2.967,190,-0.30116,-189.69884,0,-106.7,O,
Trades,SubTotal,,Equity and Index Options,USD,DPZ 01MAR24 480 C,,,-1,,,190,-0.30116,-189.69884,0,-106.7,,
Trades,Data,Order,Equity and Index Options,USD,DXCM 09FEB24 116 P,"2024-02-07, 10:04:53",-,-1,1.21,0.925,121,-0.250608,-120.749392,0,28.5,O,
Trades,Data,Trade,Equity and Index Options,USD,DXCM 09FEB24 116 P,"2024-02-07, 10:04:53",NASDAQOM,-1,1.21,0.925,121,-0.250608,-120.749392,0,28.5,O,
Trades,Data,Order,Equity and Index Options,USD,DXCM 09FEB24 116 P,"2024-02-09, 16:20:00",-,1,0,0,0,0,120.749392,120.749392,0,C,Ep
Trades,Data,Trade,Equity and Index Options,USD,DXCM 09FEB24 116 P,"2024-02-09, 16:20:00",--,1,0,0,0,0,120.749392,120.749392,0,C,Ep
Trades,Data,ClosedLot,Equity and Index Options,USD,DXCM 09FEB24 116 P,2024-02-07,,-1,1.20749392,,,,-120.749392,120.749392,,ST,
Trades,SubTotal,,Equity and Index Options,USD,DXCM 09FEB24 116 P,,,0,,,121,-0.250608,0,120.749392,28.5,,
Trades,Data,Order,Equity and Index Options,USD,EXPE 23FEB24 125 P,"2024-02-02, 09:32:13",-,-1,0.92,0.9541,92,-0.800376,-91.199624,0,-3.41,O,
Trades,Data,Trade,Equity and Index Options,USD,EXPE 23FEB24 125 P,"2024-02-02, 09:32:13",PSE,-1,0.92,0.9541,92,-0.800376,-91.199624,0,-3.41,O,
Trades,SubTotal,,Equity and Index Options,USD,EXPE 23FEB24 125 P,,,-1,,,92,-0.800376,-91.199624,0,-3.41,,
Trades,Data,Order,Equity and Index Options,USD,FOXA 08MAR24 25 C,"2024-02-15, 09:35:14",-,-1,5.4,5.6388,540,-0.30396,-539.69604,0,-23.88,O,
Trades,Data,Trade,Equity and Index Options,USD,FOXA 08MAR24 25 C,"2024-02-15, 09:35:14",PSE,-1,5.4,5.6388,540,-0.30396,-539.69604,0,-23.88,O,
Trades,SubTotal,,Equity and Index Options,USD,FOXA 08MAR24 25 C,,,-1,,,540,-0.30396,-539.69604,0,-23.88,,
Trades,Data,Order,Equity and Index Options,USD,FOXA 15MAR24 26 C,"2024-02-15, 09:35:11",-,-1,4.4,4.6725,440,-0.30316,-439.69684,0,-27.25,O,
Trades,Data,Trade,Equity and Index Options,USD,FOXA 15MAR24 26 C,"2024-02-15, 09:35:11",PSE,-1,4.4,4.6725,440,-0.30316,-439.69684,0,-27.25,O,
Trades,SubTotal,,Equity and Index Options,USD,FOXA 15MAR24 26 C,,,-1,,,440,-0.30316,-439.69684,0,-27.25,,
Trades,Data,Order,Equity and Index Options,USD,FSLR 15MAR24 110 P,"2024-02-02, 09:33:12",-,-1,1.29,1.075,129,-0.800672,-128.199328,0,21.5,O,
Trades,Data,Trade,Equity and Index Options,USD,FSLR 15MAR24 110 P,"2024-02-02, 09:33:12",PSE,-1,1.29,1.075,129,-0.800672,-128.199328,0,21.5,O,
Trades,SubTotal,,Equity and Index Options,USD,FSLR 15MAR24 110 P,,,-1,,,129,-0.800672,-128.199328,0,21.5,,
Trades,Data,Order,Equity and Index Options,USD,GD 26JAN24 257.5 C,"2024-01-24, 09:33:35",-,-1,1.9,4.3003,190,-0.05116,-189.94884,0,-240.03,O,
Trades,Data,Trade,Equity and Index Options,USD,GD 26JAN24 257.5 C,"2024-01-24, 09:33:35",ISE,-1,1.9,4.3003,190,-0.05116,-189.94884,0,-240.03,O,
Trades,Data,Order,Equity and Index Options,USD,GD 26JAN24 257.5 C,"2024-01-26, 16:20:00",-,1,0,7.57,0,0,189.94884,0,757,A,C
Trades,Data,Trade,Equity and Index Options,USD,GD 26JAN24 257.5 C,"2024-01-26, 16:20:00",--,1,0,7.57,0,0,189.94884,0,757,A,C
Trades,Data,ClosedLot,Equity and Index Options,USD,GD 26JAN24 257.5 C,2024-01-24,,-1,1.8994884,,,,-189.94884,0,,ST,
Trades,SubTotal,,Equity and Index Options,USD,GD 26JAN24 257.5 C,,,0,,,190,-0.05116,0,0,516.97,,
Trades,Data,Order,Equity and Index Options,USD,GD 01MAR24 260 P,"2024-02-13, 09:54:57",-,-1,0.88,1.05,88,-0.000344,-87.999656,0,-17,O,
Trades,Data,Trade,Equity and Index Options,USD,GD 01MAR24 260 P,"2024-02-13, 09:54:57",BATS,-1,0.88,1.05,88,-0.000344,-87.999656,0,-17,O,
Trades,SubTotal,,Equity and Index Options,USD,GD 01MAR24 260 P,,,-1,,,88,-0.000344,-87.999656,0,-17,,
Trades,Data,Order,Equity and Index Options,USD,HSY 09FEB24 185 P,"2024-02-07, 10:04:30",-,-1,0.73,1.025,73,-1.050224,-71.949776,0,-29.5,O,
Trades,Data,Trade,Equity and Index Options,USD,HSY 09FEB24 185 P,"2024-02-07, 10:04:30",MERCURY,-1,0.73,1.025,73,-1.050224,-71.949776,0,-29.5,O,
Trades,Data,Order,Equity and Index Options,USD,HSY 09FEB24 185 P,"2024-02-09, 16:20:00",-,1,0,0,0,0,71.949776,71.949776,0,C,Ep
Trades,Data,Trade,Equity and Index Options,USD,HSY 09FEB24 185 P,"2024-02-09, 16:20:00",--,1,0,0,0,0,71.949776,71.949776,0,C,Ep
Trades,Data,ClosedLot,Equity and Index Options,USD,HSY 09FEB24 185 P,2024-02-07,,-1,0.71949776,,,,-71.949776,71.949776,,ST,
Trades,SubTotal,,Equity and Index Options,USD,HSY 09FEB24 185 P,,,0,,,73,-1.050224,0,71.949776,-29.5,,
Trades,Data,Order,Equity and Index Options,USD,HUM 26JAN24 390 P,"2024-01-24, 11:40:24",-,-1,1.9,4.75,190,-0.05116,-189.94884,0,-285,O,
Trades,Data,Trade,Equity and Index Options,USD,HUM 26JAN24 390 P,"2024-01-24, 11:40:24",ISE,-1,1.9,4.75,190,-0.05116,-189.94884,0,-285,O,
Trades,Data,Order,Equity and Index Options,USD,HUM 26JAN24 390 P,"2024-01-26, 16:20:00",-,1,0,28.77,0,0,189.94884,0,2877,A,C
Trades,Data,Trade,Equity and Index Options,USD,HUM 26JAN24 390 P,"2024-01-26, 16:20:00",--,1,0,28.77,0,0,189.94884,0,2877,A,C
Trades,Data,ClosedLot,Equity and Index Options,USD,HUM 26JAN24 390 P,2024-01-24,,-1,1.8994884,,,,-189.94884,0,,ST,
Trades,SubTotal,,Equity and Index Options,USD,HUM 26JAN24 390 P,,,0,,,190,-0.05116,0,0,2592,,
Trades,Data,Order,Equity and Index Options,USD,HUM 16FEB24 390 C,"2024-01-29, 14:03:45",-,-1,2.2,2.325,220,0.0486,-220.0486,0,-12.5,O,
Trades,Data,Trade,Equity and Index Options,USD,HUM 16FEB24 390 C,"2024-01-29, 14:03:45",NASDAQBX,-1,2.2,2.325,220,0.0486,-220.0486,0,-12.5,O,
Trades,Data,Order,Equity and Index Options,USD,HUM 16FEB24 390 C,"2024-02-16, 16:20:00",-,1,0,0,0,0,220.0486,220.0486,0,C,Ep
Trades,Data,Trade,Equity and Index Options,USD,HUM 16FEB24 390 C,"2024-02-16, 16:20:00",--,1,0,0,0,0,220.0486,220.0486,0,C,Ep
Trades,Data,ClosedLot,Equity and Index Options,USD,HUM 16FEB24 390 C,2024-01-29,,-1,2.200486,,,,-220.0486,220.0486,,ST,
Trades,SubTotal,,Equity and Index Options,USD,HUM 16FEB24 390 C,,,0,,,220,0.0486,0,220.0486,-12.5,,
Trades,Data,Order,Equity and Index Options,USD,ILMN 09FEB24 128 P,"2024-02-07, 10:04:30",-,-1,1.21,0.9147,121,-1.050608,-119.949392,0,29.53,O,
Trades,Data,Trade,Equity and Index Options,USD,ILMN 09FEB24 128 P,"2024-02-07, 10:04:30",BOX,-1,1.21,0.9147,121,-1.050608,-119.949392,0,29.53,O,
Trades,Data,Order,Equity and Index Options,USD,ILMN 09FEB24 128 P,"2024-02-09, 16:20:00",-,1,0,0,0,0,119.949392,119.949392,0,C,Ep
Trades,Data,Trade,Equity and Index Options,USD,ILMN 09FEB24 128 P,"2024-02-09, 16:20:00",--,1,0,0,0,0,119.949392,119.949392,0,C,Ep
Trades,Data,ClosedLot,Equity and Index Options,USD,ILMN 09FEB24 128 P,2024-02-07,,-1,1.19949392,,,,-119.949392,119.949392,,ST,
Trades,SubTotal,,Equity and Index Options,USD,ILMN 09FEB24 128 P,,,0,,,121,-1.050608,0,119.949392,29.53,,
Trades,Data,Order,Equity and Index Options,USD,ILMN 16FEB24 118 P,"2024-02-07, 10:04:30",-,-1,0.5,0.425,50,-0.30004,-49.69996,0,7.5,O,
Trades,Data,Trade,Equity and Index Options,USD,ILMN 16FEB24 118 P,"2024-02-07, 10:04:30",PSE,-1,0.5,0.425,50,-0.30004,-49.69996,0,7.5,O,
Trades,Data,Order,Equity and Index Options,USD,ILMN 16FEB24 118 P,"2024-02-16, 16:20:00",-,1,0,0,0,0,49.69996,49.69996,0,C,Ep
Trades,Data,Trade,Equity and Index Options,USD,ILMN 16FEB24 118 P,"2024-02-16, 16:20:00",--,1,0,0,0,0,49.69996,49.69996,0,C,Ep
Trades,Data,ClosedLot,Equity and Index Options,USD,ILMN 16FEB24 118 P,2024-02-07,,-1,0.4969996,,,,-49.69996,49.69996,,ST,
Trades,SubTotal,,Equity and Index Options,USD,ILMN 16FEB24 118 P,,,0,,,50,-0.30004,0,49.69996,7.5,,
Trades,Data,Order,Equity and Index Options,USD,INTU 01MAR24 510 P,"2024-01-16, 09:41:51",-,-1,2,2.125,200,-0.30124,-199.69876,0,-12.5,O,
Trades,Data,Trade,Equity and Index Options,USD,INTU 01MAR24 510 P,"2024-01-16, 09:41:51",PSE,-1,2,2.125,200,-0.30124,-199.69876,0,-12.5,O,
Trades,SubTotal,,Equity and Index Options,USD,INTU 01MAR24 510 P,,,-1,,,200,-0.30124,-199.69876,0,-12.5,,
Trades,Data,Order,Equity and Index Options,USD,KHC 15MAR24 35 P,"2024-01-30, 11:20:00",-,-1,0.37,0.365,37,-1.049936,-35.950064,0,0.5,O,
Trades,Data,Trade,Equity and Index Options,USD,KHC 15MAR24 35 P,"2024-01-30, 11:20:00",MERCURY,-1,0.37,0.365,37,-1.049936,-35.950064,0,0.5,O,
Trades,SubTotal,,Equity and Index Options,USD,KHC 15MAR24 35 P,,,-1,,,37,-1.049936,-35.950064,0,0.5,,
Trades,Data,Order,Equity and Index Options,USD,LRCX 16FEB24 1060 C,"2024-01-24, 10:45:48",-,-1,1.55,1.2971,155,-1.04088,-153.95912,0,25.29,O,
Trades,Data,Trade,Equity and Index Options,USD,LRCX 16FEB24 1060 C,"2024-01-24, 10:45:48",EDGX,-1,1.55,1.2971,155,-1.04088,-153.95912,0,25.29,O,
Trades,Data,Order,Equity and Index Options,USD,LRCX 16FEB24 1060 C,"2024-02-16, 16:20:00",-,1,0,0,0,0,153.95912,153.95912,0,C,Ep
Trades,Data,Trade,Equity and Index Options,USD,LRCX 16FEB24 1060 C,"2024-02-16, 16:20:00",--,1,0,0,0,0,153.95912,153.95912,0,C,Ep
Trades,Data,ClosedLot,Equity and Index Options,USD,LRCX 16FEB24 1060 C,2024-01-24,,-1,1.5395912,,,,-153.95912,153.95912,,ST,
Trades,SubTotal,,Equity and Index Options,USD,LRCX 16FEB24 1060 C,,,0,,,155,-1.04088,0,153.95912,25.29,,
Trades,Data,Order,Equity and Index Options,USD,MAR 16FEB24 250 P,"2024-01-12, 09:30:01",-,-1,21.85,24.5,2185,-1.06712,-2183.93288,0,-265,O,
Trades,Data,Trade,Equity and Index Options,USD,MAR 16FEB24 250 P,"2024-01-12, 09:30:01",MIAX,-1,21.85,24.5,2185,-1.06712,-2183.93288,0,-265,O,
Trades,Data,Order,Equity and Index Options,USD,MAR 16FEB24 250 P,"2024-01-12, 11:55:09",-,1,25.95,24.5,-2595,0.00315,2183.93288,-411.06397,-145,C,
Trades,Data,Trade,Equity and Index Options,USD,MAR 16FEB24 250 P,"2024-01-12, 11:55:09",BATS,1,25.95,24.5,-2595,0.00315,2183.93288,-411.06397,-145,C,
Trades,Data,ClosedLot,Equity and Index Options,USD,MAR 16FEB24 250 P,2024-01-12,,-1,21.8393288,,,,-2183.93288,-411.06397,,ST,
Trades,SubTotal,,Equity and Index Options,USD,MAR 16FEB24 250 P,,,0,,,-410,-1.06397,0,-411.06397,-410,,
Trades,Data,Order,Equity and Index Options,USD,MCK 01MAR24 590 P,"2024-02-12, 09:30:02",-,-1,88.7,95.5678,8870,-1.1206,-8868.8794,0,-686.78,O,
Trades,Data,Trade,Equity and Index Options,USD,MCK 01MAR24 590 P,"2024-02-12, 09:30:02",MIAX,-1,88.7,95.5678,8870,-1.1206,-8868.8794,0,-686.78,O,
Trades,Data,Order,Equity and Index Options,USD,MCK 01MAR24 590 P,"2024-02-12, 11:05:39",-,1,92.75,95.5678,-9275,0.00315,8868.8794,-406.11745,281.78,C,
Trades,Data,Trade,Equity and Index Options,USD,MCK 01MAR24 590 P,"2024-02-12, 11:05:39",BATS,1,92.75,95.5678,-9275,0.00315,8868.8794,-406.11745,281.78,C,
Trades,Data,ClosedLot,Equity and Index Options,USD,MCK 01MAR24 590 P,2024-02-12,,-1,88.688794,,,,-8868.8794,-406.11745,,ST,
Trades,SubTotal,,Equity and Index Options,USD,MCK 01MAR24 590 P,,,0,,,-405,-1.11745,0,-406.11745,-405,,
Trades,Data,Order,Equity and Index Options,USD,MCK 08MAR24 590 P,"2024-02-12, 09:30:02",-,-1,88.7,95.52,8870,-1.9706,-8868.0294,0,-682,O,
Trades,Data,Trade,Equity and Index Options,USD,MCK 08MAR24 590 P,"2024-02-12, 09:30:02",PEARL,-1,88.7,95.52,8870,-1.9706,-8868.0294,0,-682,O,
Trades,Data,Order,Equity and Index Options,USD,MCK 08MAR24 590 P,"2024-02-12, 11:05:47",-,1,92.88,95.52,-9288,0.00315,8868.0294,-419.96745,264,C,
Trades,Data,Trade,Equity and Index Options,USD,MCK 08MAR24 590 P,"2024-02-12, 11:05:47",BATS,1,92.88,95.52,-9288,0.00315,8868.0294,-419.96745,264,C,
Trades,Data,ClosedLot,Equity and Index Options,USD,MCK 08MAR24 590 P,2024-02-12,,-1,88.680294,,,,-8868.0294,-419.96745,,ST,
Trades,SubTotal,,Equity and Index Options,USD,MCK 08MAR24 590 P,,,0,,,-418,-1.96745,0,-419.96745,-418,,
Trades,Data,Order,Equity and Index Options,USD,MCK 22MAR24 585 P,"2024-02-12, 09:30:02",-,-1,83.7,90.5573,8370,-1.1166,-8368.8834,0,-685.73,O,
Trades,Data,Trade,Equity and Index Options,USD,MCK 22MAR24 585 P,"2024-02-12, 09:30:02",MIAX,-1,83.7,90.5573,8370,-1.1166,-8368.8834,0,-685.73,O,
Trades,Data,Order,Equity and Index Options,USD,MCK 22MAR24 585 P,"2024-02-12, 11:04:28",-,1,88.78,90.5573,-8878,0.00315,8368.8834,-509.11345,177.73,C,
Trades,Data,Trade,Equity and Index Options,USD,MCK 22MAR24 585 P,"2024-02-12, 11:04:28",BATS,1,88.78,90.5573,-8878,0.00315,8368.8834,-509.11345,177.73,C,
Trades,Data,ClosedLot,Equity and Index Options,USD,MCK 22MAR24 585 P,2024-02-12,,-1,83.688834,,,,-8368.8834,-509.11345,,ST,
Trades,SubTotal,,Equity and Index Options,USD,MCK 22MAR24 585 P,,,0,,,-508,-1.11345,0,-509.11345,-508,,
Trades,Data,Order,Equity and Index Options,USD,MCK 28MAR24 580 P,"2024-02-12, 09:30:02",-,-1,78.7,85.52,7870,-1.9626,-7868.0374,0,-682,O,
Trades,Data,Trade,Equity and Index Options,USD,MCK 28MAR24 580 P,"2024-02-12, 09:30:02",EMERALD,-1,78.7,85.52,7870,-1.9626,-7868.0374,0,-682,O,
Trades,Data,Order,Equity and Index Options,USD,MCK 28MAR24 580 P,"2024-02-12, 11:06:23",-,1,83.55,85.52,-8355,0.00315,7868.0374,-486.95945,197,C,
Trades,Data,Trade,Equity and Index Options,USD,MCK 28MAR24 580 P,"2024-02-12, 11:06:23",BATS,1,83.55,85.52,-8355,0.00315,7868.0374,-486.95945,197,C,
Trades,Data,ClosedLot,Equity and Index Options,USD,MCK 28MAR24 580 P,2024-02-12,,-1,78.680374,,,,-7868.0374,-486.95945,,ST,
Trades,SubTotal,,Equity and Index Options,USD,MCK 28MAR24 580 P,,,0,,,-485,-1.95945,0,-486.95945,-485,,
Trades,Data,Order,Equity and Index Options,USD,NANOS 05JAN24 468 P,"2024-01-02, 15:05:47",-,-1,0.5,0.2919,0.5,-0.11435,-0.38565,0,0.2081,O,
Trades,Data,Trade,Equity and Index Options,USD,NANOS 05JAN24 468 P,"2024-01-02, 15:05:47",CBOE,-1,0.5,0.2919,0.5,-0.11435,-0.38565,0,0.2081,O,
Trades,Data,Order,Equity and Index Options,USD,NANOS 05JAN24 468 P,"2024-01-05, 16:20:00",-,1,0,0,0,0,0.38565,0.38565,0,C,Ep
Trades,Data,Trade,Equity and Index Options,USD,NANOS 05JAN24 468 P,"2024-01-05, 16:20:00",--,1,0,0,0,0,0.38565,0.38565,0,C,Ep
Trades,Data,ClosedLot,Equity and Index Options,USD,NANOS 05JAN24 468 P,2024-01-02,,-1,0.38565,,,,-0.38565,0.38565,,ST,
Trades,SubTotal,,Equity and Index Options,USD,NANOS 05JAN24 468 P,,,0,,,0.5,-0.11435,0,0.38565,0.2081,,
Trades,Data,Order,Equity and Index Options,USD,NFLX 02FEB24 600 C,"2024-01-05, 13:09:38",-,-1,0.87,0.85,87,-1.050336,-85.949664,0,2,O,
Trades,Data,Trade,Equity and Index Options,USD,NFLX 02FEB24 600 C,"2024-01-05, 13:09:38",PHLX,-1,0.87,0.85,87,-1.050336,-85.949664,0,2,O,
Trades,Data,Order,Equity and Index Options,USD,NFLX 02FEB24 600 C,"2024-02-02, 16:20:00",-,1,0,0,0,0,85.949664,85.949664,0,C,Ep
Trades,Data,Trade,Equity and Index Options,USD,NFLX 02FEB24 600 C,"2024-02-02, 16:20:00",--,1,0,0,0,0,85.949664,85.949664,0,C,Ep
Trades,Data,ClosedLot,Equity and Index Options,USD,NFLX 02FEB24 600 C,2024-01-05,,-1,0.85949664,,,,-85.949664,85.949664,,ST,
Trades,SubTotal,,Equity and Index Options,USD,NFLX 02FEB24 600 C,,,0,,,87,-1.050336,0,85.949664,2,,
Trades,Data,Order,Equity and Index Options,USD,NFLX 09FEB24 610 C,"2024-01-05, 13:09:38",-,-1,0.8,0.8,80,-0.56028,-79.43972,0,0,O,
Trades,Data,Trade,Equity and Index Options,USD,NFLX 09FEB24 610 C,"2024-01-05, 13:09:38",MEMX,-1,0.8,0.8,80,-0.56028,-79.43972,0,0,O,
Trades,Data,Order,Equity and Index Options,USD,NFLX 09FEB24 610 C,"2024-02-09, 16:20:00",-,1,0,0,0,0,79.43972,79.43972,0,C,Ep
Trades,Data,Trade,Equity and Index Options,USD,NFLX 09FEB24 610 C,"2024-02-09, 16:20:00",--,1,0,0,0,0,79.43972,79.43972,0,C,Ep
Trades,Data,ClosedLot,Equity and Index Options,USD,NFLX 09FEB24 610 C,2024-01-05,,-1,0.7943972,,,,-79.43972,79.43972,,ST,
Trades,SubTotal,,Equity and Index Options,USD,NFLX 09FEB24 610 C,,,0,,,80,-0.56028,0,79.43972,0,,
Trades,Data,Order,Equity and Index Options,USD,NOC 01MAR24 425 P,"2024-01-16, 10:42:11",-,-1,1.9,1.7797,190,-0.30116,-189.69884,0,12.03,O,
Trades,Data,Trade,Equity and Index Options,USD,NOC 01MAR24 425 P,"2024-01-16, 10:42:11",PSE,-1,1.9,1.7797,190,-0.30116,-189.69884,0,12.03,O,
Trades,SubTotal,,Equity and Index Options,USD,NOC 01MAR24 425 P,,,-1,,,190,-0.30116,-189.69884,0,12.03,,
Trades,Data,Order,Equity and Index Options,USD,NVDA 09FEB24 640 C,"2024-01-09, 12:37:26",-,-1,1.6,1.235,160,-0.63092,-159.36908,0,36.5,O,
Trades,Data,Trade,Equity and Index Options,USD,NVDA 09FEB24 640 C,"2024-01-09, 12:37:26",CBOE2,-1,1.6,1.235,160,-0.63092,-159.36908,0,36.5,O,
Trades,Data,Order,Equity and Index Options,USD,NVDA 09FEB24 640 C,"2024-02-09, 16:20:00",-,1,0,81.33,0,0,159.36908,0,8133,A,C
Trades,Data,Trade,Equity and Index Options,USD,NVDA 09FEB24 640 C,"2024-02-09, 16:20:00",--,1,0,81.33,0,0,159.36908,0,8133,A,C
Trades,Data,ClosedLot,Equity and Index Options,USD,NVDA 09FEB24 640 C,2024-01-09,,-1,1.5936908,,,,-159.36908,0,,ST,
Trades,SubTotal,,Equity and Index Options,USD,NVDA 09FEB24 640 C,,,0,,,160,-0.63092,0,0,8169.5,,
Trades,Data,Order,Equity and Index Options,USD,NVDA 01MAR24 640 P,"2024-02-13, 09:33:12",-,-1,15.7,13.625,1570,-0.5722,-1569.4278,0,207.5,O,
Trades,Data,Trade,Equity and Index Options,USD,NVDA 01MAR24 640 P,"2024-02-13, 09:33:12",MEMX,-1,15.7,13.625,1570,-0.5722,-1569.4278,0,207.5,O,
Trades,SubTotal,,Equity and Index Options,USD,NVDA 01MAR24 640 P,,,-1,,,1570,-0.5722,-1569.4278,0,207.5,,
Trades,Data,Order,Equity and Index Options,USD,PEP 09FEB24 167.5 P,"2024-02-07, 10:04:30",-,-1,0.6,0.745,60,-1.05012,-58.94988,0,-14.5,O,
Trades,Data,Trade,Equity and Index Options,USD,PEP 09FEB24 167.5 P,"2024-02-07, 10:04:30",MERCURY,-1,0.6,0.745,60,-1.05012,-58.94988,0,-14.5,O,
Trades,Data,Order,Equity and Index Options,USD,PEP 09FEB24 167.5 P,"2024-02-09, 16:20:00",-,1,0,0,0,0,58.94988,58.94988,0,C,Ep
Trades,Data,Trade,Equity and Index Options,USD,PEP 09FEB24 167.5 P,"2024-02-09, 16:20:00",--,1,0,0,0,0,58.94988,58.94988,0,C,Ep
Trades,Data,ClosedLot,Equity and Index Options,USD,PEP 09FEB24 167.5 P,2024-02-07,,-1,0.5894988,,,,-58.94988,58.94988,,ST,
Trades,SubTotal,,Equity and Index Options,USD,PEP 09FEB24 167.5 P,,,0,,,60,-1.05012,0,58.94988,-14.5,,
Trades,Data,Order,Equity and Index Options,USD,ROST 16FEB24 120 C,"2024-01-12, 09:30:01",-,-1,17.85,17.4014,1785,-1.06392,-1783.93608,0,44.86,O,
Trades,Data,Trade,Equity and Index Options,USD,ROST 16FEB24 120 C,"2024-01-12, 09:30:01",BOX,-1,17.85,17.4014,1785,-1.06392,-1783.93608,0,44.86,O,
Trades,Data,Order,Equity and Index Options,USD,ROST 16FEB24 120 C,"2024-01-12, 11:45:41",-,1,17.2,17.4014,-1720,0.05315,1783.93608,63.98923,20.14,C,
Trades,Data,Trade,Equity and Index Options,USD,ROST 16FEB24 120 C,"2024-01-12, 11:45:41",NASDAQBX,1,17.2,17.4014,-1720,0.05315,1783.93608,63.98923,20.14,C,
Trades,Data,ClosedLot,Equity and Index Options,USD,ROST 16FEB24 120 C,2024-01-12,,-1,17.8393608,,,,-1783.93608,63.98923,,ST,
Trades,SubTotal,,Equity and Index Options,USD,ROST 16FEB24 120 C,,,0,,,65,-1.01077,0,63.98923,65,,
Trades,Data,Order,Equity and Index Options,USD,SPGI 09FEB24 435 P,"2024-02-07, 10:04:30",-,-1,1.78,1.3451,178,-1.051064,-176.948936,0,43.49,O,
Trades,Data,Trade,Equity and Index Options,USD,SPGI 09FEB24 435 P,"2024-02-07, 10:04:30",PHLX,-1,1.78,1.3451,178,-1.051064,-176.948936,0,43.49,O,
Trades,Data,Order,Equity and Index Options,USD,SPGI 09FEB24 435 P,"2024-02-09, 16:20:00",-,1,0,0,0,0,176.948936,176.948936,0,C,Ep
Trades,Data,Trade,Equity and Index Options,USD,SPGI 09FEB24 435 P,"2024-02-09, 16:20:00",--,1,0,0,0,0,176.948936,176.948936,0,C,Ep
Trades,Data,ClosedLot,Equity and Index Options,USD,SPGI 09FEB24 435 P,2024-02-07,,-1,1.76948936,,,,-176.948936,176.948936,,ST,
Trades,SubTotal,,Equity and Index Options,USD,SPGI 09FEB24 435 P,,,0,,,178,-1.051064,0,176.948936,43.49,,
Trades,Data,Order,Equity and Index Options,USD,STX 09FEB24 85 C,"2024-01-12, 09:30:01",-,-1,2.63,2.9159,263,-1.051744,-261.948256,0,-28.59,O,
Trades,Data,Trade,Equity and Index Options,USD,STX 09FEB24 85 C,"2024-01-12, 09:30:01",MIAX,-1,2.63,2.9159,263,-1.051744,-261.948256,0,-28.59,O,
Trades,Data,Order,Equity and Index Options,USD,STX 09FEB24 85 C,"2024-01-23, 11:26:14",-,1,5.55,6.3095,-555,-0.61685,261.948256,-293.668594,75.95,C,
Trades,Data,Trade,Equity and Index Options,USD,STX 09FEB24 85 C,"2024-01-23, 11:26:14",EMERALD,1,5.55,6.3095,-555,-0.61685,261.948256,-293.668594,75.95,C,
Trades,Data,ClosedLot,Equity and Index Options,USD,STX 09FEB24 85 C,2024-01-12,,-1,2.61948256,,,,-261.948256,-293.668594,,ST,
Trades,SubTotal,,Equity and Index Options,USD,STX 09FEB24 85 C,,,0,,,-292,-1.668594,0,-293.668594,47.36,,
Trades,Data,Order,Equity and Index Options,USD,TGT 08MAR24 127 P,"2024-02-02, 09:32:39",-,-1,1.61,1.3014,161,-1.050928,-159.949072,0,30.86,O,
Trades,Data,Trade,Equity and Index Options,USD,TGT 08MAR24 127 P,"2024-02-02, 09:32:39",MERCURY,-1,1.61,1.3014,161,-1.050928,-159.949072,0,30.86,O,
Trades,SubTotal,,Equity and Index Options,USD,TGT 08MAR24 127 P,,,-1,,,161,-1.050928,-159.949072,0,30.86,,
Trades,Data,Order,Equity and Index Options,USD,TSLA 26JAN24 232.5 C,"2024-01-24, 10:54:37",-,-1,1.55,1.11,155,-0.80088,-154.19912,0,44,O,
Trades,Data,Trade,Equity and Index Options,USD,TSLA 26JAN24 232.5 C,"2024-01-24, 10:54:37",GEMINI,-1,1.55,1.11,155,-0.80088,-154.19912,0,44,O,
Trades,Data,Order,Equity and Index Options,USD,TSLA 26JAN24 232.5 C,"2024-01-26, 16:20:00",-,1,0,0,0,0,154.19912,154.19912,0,C,Ep
Trades,Data,Trade,Equity and Index Options,USD,TSLA 26JAN24 232.5 C,"2024-01-26, 16:20:00",--,1,0,0,0,0,154.19912,154.19912,0,C,Ep
Trades,Data,ClosedLot,Equity and Index Options,USD,TSLA 26JAN24 232.5 C,2024-01-24,,-1,1.5419912,,,,-154.19912,154.19912,,ST,
Trades,SubTotal,,Equity and Index Options,USD,TSLA 26JAN24 232.5 C,,,0,,,155,-0.80088,0,154.19912,44,,
Trades,Data,Order,Equity and Index Options,USD,TTWO 09FEB24 157.5 P,"2024-02-07, 10:04:30",-,-1,0.95,0.76,95,-1.0504,-93.9496,0,19,O,
Trades,Data,Trade,Equity and Index Options,USD,TTWO 09FEB24 157.5 P,"2024-02-07, 10:04:30",PHLX,-1,0.95,0.76,95,-1.0504,-93.9496,0,19,O,
Trades,Data,Order,Equity and Index Options,USD,TTWO 09FEB24 157.5 P,"2024-02-09, 16:20:00",-,1,0,2.59,0,0,93.9496,0,259,A,C
Trades,Data,Trade,Equity and Index Options,USD,TTWO 09FEB24 157.5 P,"2024-02-09, 16:20:00",--,1,0,2.59,0,0,93.9496,0,259,A,C
Trades,Data,ClosedLot,Equity and Index Options,USD,TTWO 09FEB24 157.5 P,2024-02-07,,-1,0.939496,,,,-93.9496,0,,ST,
Trades,SubTotal,,Equity and Index Options,USD,TTWO 09FEB24 157.5 P,,,0,,,95,-1.0504,0,0,278,,
Trades,Data,Order,Equity and Index Options,USD,ULTA 15MAR24 455 P,"2024-02-02, 09:33:46",-,-1,6.9,5.35,690,-0.05516,-689.94484,0,155,O,
Trades,Data,Trade,Equity and Index Options,USD,ULTA 15MAR24 455 P,"2024-02-02, 09:33:46",ISE,-1,6.9,5.35,690,-0.05516,-689.94484,0,155,O,
Trades,SubTotal,,Equity and Index Options,USD,ULTA 15MAR24 455 P,,,-1,,,690,-0.05516,-689.94484,0,155,,
Trades,Data,Order,Equity and Index Options,USD,URI 26JAN24 630 C,"2024-01-24, 09:33:23",-,-1,2.99,2.5667,299,-1.052032,-297.947968,0,42.33,O,
Trades,Data,Trade,Equity and Index Options,USD,URI 26JAN24 630 C,"2024-01-24, 09:33:23",PHLX,-1,2.99,2.5667,299,-1.052032,-297.947968,0,42.33,O,
Trades,Data,Order,Equity and Index Options,USD,URI 26JAN24 630 C,"2024-01-26, 16:20:00",-,1,0,0.75,0,0,297.947968,0,75,A,C
Trades,Data,Trade,Equity and Index Options,USD,URI 26JAN24 630 C,"2024-01-26, 16:20:00",--,1,0,0.75,0,0,297.947968,0,75,A,C
Trades,Data,ClosedLot,Equity and Index Options,USD,URI 26JAN24 630 C,2024-01-24,,-1,2.97947968,,,,-297.947968,0,,ST,
Trades,SubTotal,,Equity and Index Options,USD,URI 26JAN24 630 C,,,0,,,299,-1.052032,0,0,117.33,,
Trades,Data,Order,Equity and Index Options,USD,URI 26JAN24 542.5 P,"2024-01-24, 09:33:59",-,-1,2.48,4.084,248,-1.051624,-246.948376,0,-160.4,O,
Trades,Data,Trade,Equity and Index Options,USD,URI 26JAN24 542.5 P,"2024-01-24, 09:33:59",PHLX,-1,2.48,4.084,248,-1.051624,-246.948376,0,-160.4,O,
Trades,Data,Order,Equity and Index Options,USD,URI 26JAN24 542.5 P,"2024-01-26, 16:20:00",-,1,0,0,0,0,246.948376,246.948376,0,C,Ep
Trades,Data,Trade,Equity and Index Options,USD,URI 26JAN24 542.5 P,"2024-01-26, 16:20:00",--,1,0,0,0,0,246.948376,246.948376,0,C,Ep
Trades,Data,ClosedLot,Equity and Index Options,USD,URI 26JAN24 542.5 P,2024-01-24,,-1,2.46948376,,,,-246.948376,246.948376,,ST,
Trades,SubTotal,,Equity and Index Options,USD,URI 26JAN24 542.5 P,,,0,,,248,-1.051624,0,246.948376,-160.4,,
Trades,Data,Order,Equity and Index Options,USD,URI 09FEB24 630 P,"2024-01-30, 15:58:38",-,-1,8,7.75,800,0.04396,-800.04396,0,25,O,
Trades,Data,Trade,Equity and Index Options,USD,URI 09FEB24 630 P,"2024-01-30, 15:58:38",NASDAQBX,-1,8,7.75,800,0.04396,-800.04396,0,25,O,
Trades,Data,Order,Equity and Index Options,USD,URI 09FEB24 630 P,"2024-02-09, 16:20:00",-,1,0,0,0,0,800.04396,800.04396,0,C,Ep
Trades,Data,Trade,Equity and Index Options,USD,URI 09FEB24 630 P,"2024-02-09, 16:20:00",--,1,0,0,0,0,800.04396,800.04396,0,C,Ep
Trades,Data,ClosedLot,Equity and Index Options,USD,URI 09FEB24 630 P,2024-01-30,,-1,8.0004396,,,,-800.04396,800.04396,,ST,
Trades,SubTotal,,Equity and Index Options,USD,URI 09FEB24 630 P,,,0,,,800,0.04396,0,800.04396,25,,
Trades,Data,Order,Equity and Index Options,USD,URI 01MAR24 630 P,"2024-02-13, 09:30:02",-,-1,11.1,15.0854,1110,-0.05852,-1109.94148,0,-398.54,O,
Trades,Data,Trade,Equity and Index Options,USD,URI 01MAR24 630 P,"2024-02-13, 09:30:02",ISE,-1,11.1,15.0854,1110,-0.05852,-1109.94148,0,-398.54,O,
Trades,SubTotal,,Equity and Index Options,USD,URI 01MAR24 630 P,,,-1,,,1110,-0.05852,-1109.94148,0,-398.54,,
Trades,Data,Order,Equity and Index Options,USD,WYNN 09FEB24 93 P,"2024-02-07, 10:05:11",-,-1,0.63,0.38,63,-1.050144,-61.949856,0,25,O,
Trades,Data,Trade,Equity and Index Options,USD,WYNN 09FEB24 93 P,"2024-02-07, 10:05:11",MERCURY,-1,0.63,0.38,63,-1.050144,-61.949856,0,25,O,
Trades,Data,Order,Equity and Index Options,USD,WYNN 09FEB24 93 P,"2024-02-09, 16:20:00",-,1,0,0,0,0,61.949856,61.949856,0,C,Ep
Trades,Data,Trade,Equity and Index Options,USD,WYNN 09FEB24 93 P,"2024-02-09, 16:20:00",--,1,0,0,0,0,61.949856,61.949856,0,C,Ep
Trades,Data,ClosedLot,Equity and Index Options,USD,WYNN 09FEB24 93 P,2024-02-07,,-1,0.61949856,,,,-61.949856,61.949856,,ST,
Trades,SubTotal,,Equity and Index Options,USD,WYNN 09FEB24 93 P,,,0,,,63,-1.050144,0,61.949856,25,,
Trades,Data,Order,Equity and Index Options,USD,ZION 01MAR24 31 P,"2024-02-02, 09:30:08",-,-1,0.5,0.289,50,-0.05004,-49.94996,0,21.1,O,
Trades,Data,Trade,Equity and Index Options,USD,ZION 01MAR24 31 P,"2024-02-02, 09:30:08",ISE,-1,0.5,0.289,50,-0.05004,-49.94996,0,21.1,O,
Trades,SubTotal,,Equity and Index Options,USD,ZION 01MAR24 31 P,,,-1,,,50,-0.05004,-49.94996,0,21.1,,
Trades,Total,,Equity and Index Options,USD,,,,,,,15585.5,-35.290904,-7963.684144,6405.412264,16124.3081, ,
"Option Exercises, Assignments and Expirations",Headers,Type,Currency,Symbol,Date,Transaction Type,Quantity,T. Price,C. Price,Proceeds,Comm/Fee,Basis,Realized P/L,MTM P/L,,,
"Option Exercises, Assignments and Expirations",Data,Assignments,USD,GD 26JAN24 257.5 C,2024-01-26,Assignment,1,0,0,0,0,189.94884,0,757,,,
"Option Exercises, Assignments and Expirations",Data,Assignments,USD,GD,2024-01-26,Sell,-100,257.5,264.78,25750,-0.2226,-25749.7774,0,-728,,,
"Option Exercises, Assignments and Expirations",Data,Assignments,USD,HUM 26JAN24 390 P,2024-01-26,Assignment,1,0,0,0,0,189.94884,0,2877,,,
"Option Exercises, Assignments and Expirations",Data,Assignments,USD,HUM,2024-01-26,Buy,100,390,365.94,-39000,0,39000,0,-2406,,,
"Option Exercises, Assignments and Expirations",Data,Assignments,USD,URI 26JAN24 630 C,2024-01-26,Assignment,1,0,0,0,0,297.947968,0,75,,,
"Option Exercises, Assignments and Expirations",Data,Assignments,USD,URI,2024-01-26,Sell,-100,630,647.73,63000,-0.5206,-62999.4794,0,-1773,,,
"Option Exercises, Assignments and Expirations",Data,Assignments,USD,NVDA 09FEB24 640 C,2024-02-09,Assignment,1,0,0,0,0,159.36908,0,8133,,,
"Option Exercises, Assignments and Expirations",Data,Assignments,USD,NVDA,2024-02-09,Sell,-100,640,722.48,64000,-0.5286,-63999.4714,0,-8248,,,
"Option Exercises, Assignments and Expirations",Data,Assignments,USD,TTWO 09FEB24 157.5 P,2024-02-09,Assignment,1,0,0,0,0,93.9496,0,259,,,
"Option Exercises, Assignments and Expirations",Data,Assignments,USD,TTWO,2024-02-09,Buy,100,157.5,155.27,-15750,0,15750,0,-223,,,
"Option Exercises, Assignments and Expirations",Data,Assignments,USD,CHTR 23FEB24 305 P,2024-02-21,Assignment,1,0,8.427,0,0,249.94836,0,842.7,,,
"Option Exercises, Assignments and Expirations",Data,Assignments,USD,CHTR,2024-02-21,Buy,100,305,297,-30500,0,30500,0,-800,,,
"Option Exercises, Assignments and Expirations",Data,Total,,,,,,,,67500,-1.2718,,0,-1234.3,,,
"Option Exercises, Assignments and Expirations",Data,Expirations,USD,NANOS 05JAN24 468 P,2024-01-05,Expiration,1,0,0,0,0,0.38565,0.38565,0,,,
"Option Exercises, Assignments and Expirations",Data,Expirations,USD,TSLA 26JAN24 232.5 C,2024-01-26,Expiration,1,0,0,0,0,154.19912,154.19912,0,,,
"Option Exercises, Assignments and Expirations",Data,Expirations,USD,URI 26JAN24 542.5 P,2024-01-26,Expiration,1,0,0,0,0,246.948376,246.948376,0,,,
"Option Exercises, Assignments and Expirations",Data,Expirations,USD,ALGN 02FEB24 340 C,2024-02-02,Expiration,1,0,0,0,0,189.94884,189.94884,0,,,
"Option Exercises, Assignments and Expirations",Data,Expirations,USD,AMD 02FEB24 207.5 C,2024-02-02,Expiration,1,0,0,0,0,153.95912,153.95912,0,,,
"Option Exercises, Assignments and Expirations",Data,Expirations,USD,BA 02FEB24 180 P,2024-02-02,Expiration,1,0,0,0,0,149.19916,149.19916,0,,,
"Option Exercises, Assignments and Expirations",Data,Expirations,USD,NFLX 02FEB24 600 C,2024-02-02,Expiration,1,0,0,0,0,85.949664,85.949664,0,,,
"Option Exercises, Assignments and Expirations",Data,Expirations,USD,DXCM 09FEB24 116 P,2024-02-09,Expiration,1,0,0,0,0,120.749392,120.749392,0,,,
"Option Exercises, Assignments and Expirations",Data,Expirations,USD,HSY 09FEB24 185 P,2024-02-09,Expiration,1,0,0,0,0,71.949776,71.949776,0,,,
"Option Exercises, Assignments and Expirations",Data,Expirations,USD,ILMN 09FEB24 128 P,2024-02-09,Expiration,1,0,0,0,0,119.949392,119.949392,0,,,
"Option Exercises, Assignments and Expirations",Data,Expirations,USD,NFLX 09FEB24 610 C,2024-02-09,Expiration,1,0,0,0,0,79.43972,79.43972,0,,,
"Option Exercises, Assignments and Expirations",Data,Expirations,USD,PEP 09FEB24 167.5 P,2024-02-09,Expiration,1,0,0,0,0,58.94988,58.94988,0,,,
"Option Exercises, Assignments and Expirations",Data,Expirations,USD,SPGI 09FEB24 435 P,2024-02-09,Expiration,1,0,0,0,0,176.948936,176.948936,0,,,
"Option Exercises, Assignments and Expirations",Data,Expirations,USD,URI 09FEB24 630 P,2024-02-09,Expiration,1,0,0,0,0,800.04396,800.04396,0,,,
"Option Exercises, Assignments and Expirations",Data,Expirations,USD,WYNN 09FEB24 93 P,2024-02-09,Expiration,1,0,0,0,0,61.949856,61.949856,0,,,
"Option Exercises, Assignments and Expirations",Data,Expirations,USD,ABNB 16FEB24 124 P,2024-02-16,Expiration,1,0,0,0,0,61.949856,61.949856,0,,,
"Option Exercises, Assignments and Expirations",Data,Expirations,USD,HUM 16FEB24 390 C,2024-02-16,Expiration,1,0,0,0,0,220.0486,220.0486,0,,,
"Option Exercises, Assignments and Expirations",Data,Expirations,USD,ILMN 16FEB24 118 P,2024-02-16,Expiration,1,0,0,0,0,49.69996,49.69996,0,,,
"Option Exercises, Assignments and Expirations",Data,Expirations,USD,LRCX 16FEB24 1060 C,2024-02-16,Expiration,1,0,0,0,0,153.95912,153.95912,0,,,
"Option Exercises, Assignments and Expirations",Data,Total,,,,,,,,0,0,,2956.228378,0,,,
Dividends,Header,Currency,Date,Description,Amount,Code,,,,,,,,,,,
Dividends,Data,USD,2024-02-07,LOW(US5486611073) Cash Dividend USD 1.10 per Share (Ordinary Dividend),70.4,,,,,,,,,,,,
Dividends,Data,Total,,,70.4,,,,,,,,,,,,
